{
  "baseline": {
    "n": 30,
    "accuracy": {
      "mean": 0.388252767094051,
      "ci_lo": 0.3126963148962581,
      "ci_hi": 0.4682868219441945
    },
    "hallucination_rate": {
      "mean": 0.6666666666666666,
      "ci_lo": 0.5,
      "ci_hi": 0.8333333333333334
    },
    "rouge_l": {
      "mean": 0.283436108961633,
      "ci_lo": 0.24551729392538282,
      "ci_hi": 0.32888434618048884
    }
  },
  "cot": {
    "n": 30,
    "accuracy": {
      "mean": 0.3460399627356244,
      "ci_lo": 0.2916679508065478,
      "ci_hi": 0.407575521612716
    },
    "hallucination_rate": {
      "mean": 0.9333333333333333,
      "ci_lo": 0.8333333333333334,
      "ci_hi": 1.0
    },
    "rouge_l": {
      "mean": 0.10186969418143536,
      "ci_lo": 0.09263515255206776,
      "ci_hi": 0.1117217944625819
    }
  },
  "few_shot": {
    "n": 30,
    "accuracy": {
      "mean": 0.4598210488361637,
      "ci_lo": 0.39350982468646606,
      "ci_hi": 0.5273017631324444
    },
    "hallucination_rate": {
      "mean": 0.8,
      "ci_lo": 0.6333333333333333,
      "ci_hi": 0.9333333333333333
    },
    "rouge_l": {
      "mean": 0.15910732911668016,
      "ci_lo": 0.14223253168113842,
      "ci_hi": 0.17712145740814364
    }
  },
  "self_consistency": {
    "n": 30,
    "accuracy": {
      "mean": 0.44815772514466384,
      "ci_lo": 0.38463737063977627,
      "ci_hi": 0.513630862361253
    },
    "hallucination_rate": {
      "mean": 0.7,
      "ci_lo": 0.5333333333333333,
      "ci_hi": 0.8666666666666667
    },
    "rouge_l": {
      "mean": 0.2743096324193101,
      "ci_lo": 0.23648429291854542,
      "ci_hi": 0.32013322803131933
    }
  },
  "rag": {
    "n": 30,
    "accuracy": {
      "mean": 0.5095767247968089,
      "ci_lo": 0.4172875992306984,
      "ci_hi": 0.6052884397372101
    },
    "hallucination_rate": {
      "mean": 0.7333333333333333,
      "ci_lo": 0.5666666666666667,
      "ci_hi": 0.8666666666666667
    },
    "rouge_l": {
      "mean": 0.35269257356760875,
      "ci_lo": 0.30094433858799857,
      "ci_hi": 0.40727871476430083
    }
  },
  "rag_optimized": {
    "n": 30,
    "accuracy": {
      "mean": 0.5561429196590467,
      "ci_lo": 0.48913914312577045,
      "ci_hi": 0.6243506433339163
    },
    "hallucination_rate": {
      "mean": 0.8,
      "ci_lo": 0.6666666666666666,
      "ci_hi": 0.9333333333333333
    },
    "rouge_l": {
      "mean": 0.1954598219501163,
      "ci_lo": 0.17665994924290748,
      "ci_hi": 0.21524227673350163
    }
  },
  "paired_vs_baseline": {
    "cot": {
      "vs_baseline_accuracy_diff": {
        "mean": -0.04221280435842651,
        "ci_lo": -0.13157915298918893,
        "ci_hi": 0.04342542837848085,
        "p": 0.3402
      },
      "vs_baseline_hallucination_diff": {
        "mean": 0.26666666666666666,
        "ci_lo": 0.1,
        "ci_hi": 0.4666666666666667,
        "p": 0.0064
      }
    },
    "few_shot": {
      "vs_baseline_accuracy_diff": {
        "mean": 0.07156828174211273,
        "ci_lo": -0.016817874799147488,
        "ci_hi": 0.15681048504476097,
        "p": 0.1254
      },
      "vs_baseline_hallucination_diff": {
        "mean": 0.13333333333333333,
        "ci_lo": -0.06666666666666667,
        "ci_hi": 0.3333333333333333,
        "p": 0.2442
      }
    },
    "self_consistency": {
      "vs_baseline_accuracy_diff": {
        "mean": 0.05990495805061305,
        "ci_lo": 0.004652199895988518,
        "ci_hi": 0.11930837269429466,
        "p": 0.0338
      },
      "vs_baseline_hallucination_diff": {
        "mean": 0.03333333333333333,
        "ci_lo": -0.1,
        "ci_hi": 0.16666666666666666,
        "p": 0.8262
      }
    },
    "rag": {
      "vs_baseline_accuracy_diff": {
        "mean": 0.12132395770275801,
        "ci_lo": 0.010158568312870526,
        "ci_hi": 0.22828965185706387,
        "p": 0.0312
      },
      "vs_baseline_hallucination_diff": {
        "mean": 0.06666666666666667,
        "ci_lo": -0.13333333333333333,
        "ci_hi": 0.26666666666666666,
        "p": 0.6298
      }
    },
    "rag_optimized": {
      "vs_baseline_accuracy_diff": {
        "mean": 0.16789015256499598,
        "ci_lo": 0.06437499438063148,
        "ci_hi": 0.2696820904833606,
        "p": 0.0008
      },
      "vs_baseline_hallucination_diff": {
        "mean": 0.13333333333333333,
        "ci_lo": -0.06666666666666667,
        "ci_hi": 0.3333333333333333,
        "p": 0.253
      }
    }
  }
}